,timeStamp,price
0,Dec 30 2022,10.771547176043951
1,Dec 30 2022,10.809105182663696
2,Dec 30 2022,10.808878609958313
3,Dec 30 2022,10.852024738282374
4,Dec 30 2022,10.842901699532051
5,Dec 30 2022,10.8904506641472
6,Dec 30 2022,10.881371441315645
7,Dec 30 2022,10.81601351058996
8,Dec 31 2022,10.870772143972172
9,Dec 31 2022,10.884826437723484
10,Dec 31 2022,10.868359956418342
11,Dec 31 2022,10.895022504733651
12,Dec 31 2022,10.859574862043173
13,Dec 31 2022,10.883418613212216
14,Dec 31 2022,10.875983840711307
15,Dec 31 2022,10.887514743107165
16,Dec 31 2022,10.925498018482704
17,Dec 31 2022,10.94984425293946
18,Dec 31 2022,10.951503175747984
19,Dec 31 2022,10.966508406891395
20,Dec 31 2022,10.948108421042498
21,Dec 31 2022,10.965838259244705
22,Dec 31 2022,10.982651895859615
23,Dec 31 2022,10.992403601290933
24,Dec 31 2022,10.977067513457486
25,Dec 31 2022,10.98075521466308
26,Dec 31 2022,10.972989750179845
27,Dec 31 2022,10.978628785651185
28,Dec 31 2022,10.98872254154294
29,Dec 31 2022,10.970707367152599
30,Dec 31 2022,10.933241826402991
31,Dec 31 2022,10.885818485978607
32,Jan 01 2023,10.900574574228827
33,Jan 01 2023,10.855600601921614
34,Jan 01 2023,10.848154008606086
35,Jan 01 2023,10.852003824955062
36,Jan 01 2023,10.814428069194285
37,Jan 01 2023,10.730235117553823
38,Jan 01 2023,10.74590987206216
39,Jan 01 2023,10.75196542609712
40,Jan 01 2023,10.717571110759366
41,Jan 01 2023,10.677846627402749
42,Jan 01 2023,10.699599238624689
43,Jan 01 2023,10.684266221391297
44,Jan 01 2023,10.753504898195763
45,Jan 01 2023,10.770967111172752
46,Jan 01 2023,10.727045580861073
47,Jan 01 2023,10.742991902263444
48,Jan 01 2023,10.75082564049376
49,Jan 01 2023,10.759526086025796
50,Jan 01 2023,10.834316918135432
51,Jan 01 2023,10.858735170707964
52,Jan 01 2023,10.885024545873861
53,Jan 01 2023,10.886358033957983
54,Jan 01 2023,10.874278239193304
55,Jan 01 2023,10.869822100728829
56,Jan 02 2023,10.868805741607293
57,Jan 02 2023,10.812828385518545
58,Jan 02 2023,10.759104457928366
59,Jan 02 2023,10.77644004267211
60,Jan 02 2023,10.8469307435493
61,Jan 02 2023,10.854359798776228
62,Jan 02 2023,10.85774943757983
63,Jan 02 2023,10.875066400957484
64,Jan 02 2023,11.149187962512546
65,Jan 02 2023,11.151493666699125
66,Jan 02 2023,11.147505401696987
67,Jan 02 2023,11.154697710022626
68,Jan 02 2023,11.145991414467273
69,Jan 02 2023,11.161682818047769
70,Jan 02 2023,11.136971105307309
71,Jan 02 2023,11.14182548621254
72,Jan 02 2023,11.186032655358959
73,Jan 02 2023,11.18074052172228
74,Jan 02 2023,11.1475530664156
75,Jan 02 2023,11.181886148700654
76,Jan 02 2023,11.194496302464602
77,Jan 02 2023,11.181510707127414
78,Jan 02 2023,11.213005207348305
79,Jan 02 2023,11.142000909649958
80,Jan 03 2023,11.156532530136275
81,Jan 03 2023,11.182138067630598
82,Jan 03 2023,11.082309222310819
83,Jan 03 2023,11.115328069210488
84,Jan 03 2023,11.139885707384346
85,Jan 03 2023,11.189567313314473
86,Jan 03 2023,11.299105835066872
87,Jan 03 2023,11.269869846990668
88,Jan 03 2023,11.274870222622111
89,Jan 03 2023,11.214715534831795
90,Jan 03 2023,11.302109135043839
91,Jan 03 2023,11.30959720194221
92,Jan 03 2023,11.300147477721714
93,Jan 03 2023,11.305633295706334
94,Jan 03 2023,11.367840737968724
95,Jan 03 2023,11.32971023218004
96,Jan 03 2023,11.382947498381123
97,Jan 03 2023,11.38834848879879
98,Jan 03 2023,11.364311450777485
99,Jan 03 2023,11.314154773735016
100,Jan 03 2023,11.30141831402375
101,Jan 03 2023,11.329462379395421
102,Jan 03 2023,11.346249190109734
103,Jan 03 2023,11.342216666439164
104,Jan 04 2023,11.385008261253798
105,Jan 04 2023,11.381570990236366
106,Jan 04 2023,11.528827587041897
107,Jan 04 2023,11.68401801712527
108,Jan 04 2023,11.831321944969515
109,Jan 04 2023,11.831321944969515
110,Jan 04 2023,11.751368197371551
111,Jan 04 2023,11.800186724832539
112,Jan 04 2023,11.899225643455848
113,Jan 04 2023,11.904024890536478
114,Jan 04 2023,11.884300700247621
115,Jan 04 2023,11.820803698249753
116,Jan 04 2023,11.841063741493965
117,Jan 04 2023,11.786440260593166
118,Jan 04 2023,11.794497477006187
119,Jan 04 2023,11.865725567455076
120,Jan 04 2023,11.907510244401776
121,Jan 04 2023,12.091662828710293
122,Jan 04 2023,12.009291005854642
123,Jan 04 2023,12.094684120898783
124,Jan 04 2023,12.204521413215575
125,Jan 04 2023,12.131763255393052
126,Jan 04 2023,12.004025018159824
127,Jan 04 2023,11.979821078832451
128,Jan 04 2023,12.007446215969349
129,Jan 05 2023,12.082606200302077
130,Jan 05 2023,12.039989996980664
131,Jan 05 2023,12.063363621572034
132,Jan 05 2023,12.083680944005312
133,Jan 05 2023,12.09869989596512
134,Jan 05 2023,12.10943610198004
135,Jan 05 2023,12.08068176499023
136,Jan 05 2023,12.043438330037905
137,Jan 05 2023,11.987081243432975
138,Jan 05 2023,11.922399774652234
139,Jan 05 2023,11.897714032876443
140,Jan 05 2023,11.90943190902019
141,Jan 05 2023,11.896158755389543
142,Jan 05 2023,11.86704927248271
143,Jan 05 2023,11.790551180419962
144,Jan 05 2023,11.81520617128622
145,Jan 05 2023,11.783212154086131
146,Jan 05 2023,11.775097601891574
147,Jan 05 2023,11.727725979335046
148,Jan 05 2023,11.77729819099469
149,Jan 05 2023,11.829021932514063
150,Jan 05 2023,11.817971688492472
151,Jan 05 2023,11.808271165337429
152,Jan 05 2023,11.767339218324976
153,Jan 06 2023,11.742548299244636
154,Jan 06 2023,11.794545208978775
155,Jan 06 2023,11.759877904144837
156,Jan 06 2023,11.726042122690979
157,Jan 06 2023,11.71497338999265
158,Jan 06 2023,11.636086510636327
159,Jan 06 2023,11.597843951635998
160,Jan 06 2023,11.528006808968716
161,Jan 06 2023,11.534618129055065
162,Jan 06 2023,11.571833708554003
163,Jan 06 2023,11.514242574876894
164,Jan 06 2023,11.465643643802936
165,Jan 06 2023,11.456061450521178
166,Jan 06 2023,11.423890060846869
167,Jan 06 2023,11.496805079650047
168,Jan 06 2023,11.468848841443158
169,Jan 06 2023,11.572872701276479
170,Jan 06 2023,11.616675816774787
171,Jan 06 2023,11.57780183823083
172,Jan 06 2023,11.639057221827525
173,Jan 06 2023,11.73344024580721
174,Jan 06 2023,11.653046446390398
175,Jan 06 2023,11.693101207637449
176,Jan 06 2023,11.766512156615262
177,Jan 07 2023,11.778700694088325
178,Jan 07 2023,11.829422499410084
179,Jan 07 2023,11.822848294074769
180,Jan 07 2023,11.822562290628545
181,Jan 07 2023,11.818652603190328
182,Jan 07 2023,11.78906423406243
183,Jan 07 2023,11.774785502480329
184,Jan 07 2023,11.822098434624378
185,Jan 07 2023,11.831503569178867
186,Jan 07 2023,11.75180783634911
187,Jan 07 2023,11.78233978157912
188,Jan 07 2023,11.74908597044948
189,Jan 07 2023,11.735415257032257
190,Jan 07 2023,11.718228332339976
191,Jan 07 2023,11.719533750037773
192,Jan 07 2023,11.714447550334132
193,Jan 07 2023,11.728515502296194
194,Jan 07 2023,11.6742924222254
195,Jan 07 2023,11.665708430958922
196,Jan 07 2023,11.746823946625163
197,Jan 07 2023,11.770910429851757
198,Jan 07 2023,11.74820204357067
199,Jan 07 2023,11.748147715346377
200,Jan 07 2023,11.71106742231197
201,Jan 08 2023,11.752657399536943
202,Jan 08 2023,11.660970413218658
203,Jan 08 2023,11.647252886061763
204,Jan 08 2023,11.617781599570275
205,Jan 08 2023,11.677234188863563
206,Jan 08 2023,11.673177433178035
207,Jan 08 2023,11.706091121423501
208,Jan 08 2023,11.740097571064858
209,Jan 08 2023,11.725347544094166
210,Jan 08 2023,11.798022451825364
211,Jan 08 2023,11.81460823218709
212,Jan 08 2023,11.828782528250748
213,Jan 08 2023,11.832685536105204
214,Jan 08 2023,11.844055677198842
215,Jan 08 2023,11.840339154972787
216,Jan 08 2023,11.925884860919737
217,Jan 08 2023,11.92401038117142
218,Jan 08 2023,11.854599855488294
219,Jan 08 2023,11.83891296225722
220,Jan 08 2023,11.83548832310169
221,Jan 08 2023,11.879545997509133
222,Jan 08 2023,11.949283851169552
223,Jan 08 2023,11.939599733430963
224,Jan 08 2023,12.006560295285478
225,Jan 09 2023,12.052339158639995
226,Jan 09 2023,12.202070322400454
227,Jan 09 2023,12.412213581388894
228,Jan 09 2023,12.437578657531297
229,Jan 09 2023,12.520712058080083
230,Jan 09 2023,12.456984777713302
231,Jan 09 2023,12.469325290899995
232,Jan 09 2023,12.451687860570216
233,Jan 09 2023,12.465462822473762
234,Jan 09 2023,12.371939494624728
235,Jan 09 2023,12.45988468798504
236,Jan 09 2023,12.506332809932031
237,Jan 09 2023,12.457681058683102
238,Jan 09 2023,12.452099692489616
239,Jan 09 2023,12.3641711734826
240,Jan 09 2023,12.485827880819606
241,Jan 09 2023,12.574306728587755
242,Jan 09 2023,12.574058769882901
243,Jan 09 2023,12.545402932261457
244,Jan 09 2023,12.413517157674065
245,Jan 09 2023,12.374936319460936
246,Jan 09 2023,12.134536488057007
247,Jan 09 2023,12.172860844719548
248,Jan 09 2023,12.22580301173175
249,Jan 10 2023,12.216506205731251
250,Jan 10 2023,12.36395019976463
251,Jan 10 2023,12.321924233618718
252,Jan 10 2023,12.194458356349251
253,Jan 10 2023,12.284654777518917
254,Jan 10 2023,12.36590792101174
255,Jan 10 2023,12.376423498249059
256,Jan 10 2023,12.363814188248364
257,Jan 10 2023,12.321041993588608
258,Jan 10 2023,12.467390184944179
259,Jan 10 2023,12.456398540476457
260,Jan 10 2023,12.49994616345636
261,Jan 10 2023,12.473691615473898
262,Jan 10 2023,12.400559336338532
263,Jan 10 2023,12.41483496217601
264,Jan 10 2023,12.515494319079982
265,Jan 10 2023,12.711780450601315
266,Jan 10 2023,12.65420776510038
267,Jan 10 2023,12.656763755983398
268,Jan 10 2023,12.77569515993511
269,Jan 10 2023,12.794010156903472
270,Jan 10 2023,12.785656008055955
271,Jan 10 2023,12.7552987838455
272,Jan 10 2023,12.728376257904229
273,Jan 11 2023,12.729321160649132
274,Jan 11 2023,12.707536109610999
275,Jan 11 2023,12.652624542014983
276,Jan 11 2023,12.55375678317097
277,Jan 11 2023,12.466237467279763
278,Jan 11 2023,12.416190075209126
279,Jan 11 2023,12.466245672805819
280,Jan 11 2023,12.527409929400697
281,Jan 11 2023,12.538525695084207
282,Jan 11 2023,12.483129860641611
283,Jan 11 2023,12.51283159866884
284,Jan 11 2023,12.538854906664728
285,Jan 11 2023,12.49050989888606
286,Jan 11 2023,12.452603610041336
287,Jan 11 2023,12.37605026464423
288,Jan 11 2023,12.499959194051263
289,Jan 11 2023,12.455463466482279
290,Jan 11 2023,12.425386406063696
291,Jan 11 2023,12.45273757527087
292,Jan 11 2023,13.772758443500287
293,Jan 11 2023,14.518660007695518
294,Jan 11 2023,14.504204944120197
295,Jan 11 2023,14.627439315233026
296,Jan 11 2023,15.534914370335864
297,Jan 12 2023,15.937927764777799
298,Jan 12 2023,15.980170237927815
299,Jan 12 2023,16.061926524164193
300,Jan 12 2023,15.864211488591383
301,Jan 12 2023,15.990256514953158
302,Jan 12 2023,15.890604332085658
303,Jan 12 2023,15.702241574284672
304,Jan 12 2023,15.442979088703481
305,Jan 12 2023,15.336973065699546
306,Jan 12 2023,15.387656487213016
307,Jan 12 2023,15.346674490350074
308,Jan 12 2023,15.219537580219324
309,Jan 12 2023,15.208409359949691
310,Jan 12 2023,15.262518110976611
311,Jan 12 2023,15.56114699969441
312,Jan 12 2023,14.864782307204782
313,Jan 12 2023,15.00050898104785
314,Jan 12 2023,14.918812534701264
315,Jan 12 2023,15.53609598846095
316,Jan 12 2023,15.383245050718525
317,Jan 12 2023,15.386462395917272
318,Jan 12 2023,15.355283504509456
319,Jan 12 2023,15.355846629038949
320,Jan 12 2023,15.301978243501775
321,Jan 13 2023,15.466484062068272
322,Jan 13 2023,15.138193335549072
323,Jan 13 2023,15.182335951477443
324,Jan 13 2023,15.233093087452314
325,Jan 13 2023,15.422070726705655
326,Jan 13 2023,15.462125065216311
327,Jan 13 2023,15.31493448337196
328,Jan 13 2023,15.390753540084418
329,Jan 13 2023,15.522441376837813
330,Jan 13 2023,15.653475707708488
331,Jan 13 2023,15.921376843213269
332,Jan 13 2023,15.82438861795021
333,Jan 13 2023,15.666148326712177
334,Jan 13 2023,15.487991383568545
335,Jan 13 2023,15.455630661749957
336,Jan 13 2023,15.525758601362812
337,Jan 13 2023,15.689621815609478
338,Jan 13 2023,15.432306145711657
339,Jan 13 2023,15.520352086283173
340,Jan 13 2023,15.51744498066738
341,Jan 13 2023,15.610638977169543
342,Jan 13 2023,15.883244824083981
343,Jan 13 2023,15.92541634136692
344,Jan 13 2023,16.029126164540944
345,Jan 14 2023,15.971774047074895
346,Jan 14 2023,16.312125241280125
347,Jan 14 2023,16.665596719570136
348,Jan 14 2023,16.775659069205023
349,Jan 14 2023,16.674519599273964
350,Jan 14 2023,16.775956121488072
351,Jan 14 2023,17.18493015111869
352,Jan 14 2023,17.619232573274743
353,Jan 14 2023,17.55722090348511
354,Jan 14 2023,18.132882456742134
355,Jan 14 2023,16.787337995375907
356,Jan 14 2023,16.790250966133122
357,Jan 14 2023,16.997007181920736
358,Jan 14 2023,17.080010302463137
359,Jan 14 2023,17.07756887722472
360,Jan 14 2023,17.00755058502983
361,Jan 14 2023,17.009381329991264
362,Jan 14 2023,16.959440509651035
363,Jan 14 2023,16.85400583063514
364,Jan 14 2023,16.764449910586443
365,Jan 14 2023,16.776110629955674
366,Jan 14 2023,16.865311239642164
367,Jan 14 2023,16.70635536075767
368,Jan 14 2023,16.818035119135935
369,Jan 15 2023,16.92168608275532
370,Jan 15 2023,16.581720183495367
371,Jan 15 2023,16.49529172418934
372,Jan 15 2023,16.3817924619443
373,Jan 15 2023,16.509453170179253
374,Jan 15 2023,16.506304671419695
375,Jan 15 2023,16.563473021918625
376,Jan 15 2023,16.403218318168456
377,Jan 15 2023,16.319364714366525
378,Jan 15 2023,16.069745132199927
379,Jan 15 2023,16.251729975013017
380,Jan 15 2023,16.231045856143897
381,Jan 15 2023,16.40578779350885
382,Jan 15 2023,16.339116095968663
383,Jan 15 2023,16.476319074925375
384,Jan 15 2023,16.696110294649447
385,Jan 15 2023,17.003774062969693
386,Jan 15 2023,16.72884626298651
387,Jan 15 2023,16.734883757592094
388,Jan 15 2023,16.700241929451224
389,Jan 15 2023,16.837676464994644
390,Jan 15 2023,16.902520680511934
391,Jan 15 2023,16.884896393440567
392,Jan 15 2023,16.775008346119293
393,Jan 16 2023,16.81076037854123
394,Jan 16 2023,16.850399177826162
395,Jan 16 2023,17.193024967603343
396,Jan 16 2023,17.11482728253334
397,Jan 16 2023,16.794501734531682
398,Jan 16 2023,16.96217785315245
399,Jan 16 2023,17.14862214903967
400,Jan 16 2023,17.04393320701548
401,Jan 16 2023,16.922797622908508
402,Jan 16 2023,16.423502053022354
403,Jan 16 2023,16.580173653909384
404,Jan 16 2023,16.632924038383987
405,Jan 16 2023,16.53584967036698
406,Jan 16 2023,16.486994517593665
407,Jan 16 2023,16.525930452843532
408,Jan 16 2023,16.546183666082925
409,Jan 16 2023,16.558586084024842
410,Jan 16 2023,16.511734766934683
411,Jan 16 2023,16.650525674909474
412,Jan 16 2023,16.749557971531306
413,Jan 16 2023,16.840131170995203
414,Jan 16 2023,16.832583734914625
415,Jan 16 2023,16.791542959875294
416,Jan 16 2023,16.737159525801385
417,Jan 17 2023,16.73396318784212
418,Jan 17 2023,17.002630777700876
419,Jan 17 2023,16.858883219382182
420,Jan 17 2023,16.800582898353344
421,Jan 17 2023,16.904150843930992
422,Jan 17 2023,16.94867676120525
423,Jan 17 2023,16.92852589427428
424,Jan 17 2023,16.79745367312895
425,Jan 17 2023,16.84554895061162
426,Jan 17 2023,16.93741410675168
427,Jan 17 2023,16.88645029304097
428,Jan 17 2023,16.838924895314292
429,Jan 17 2023,16.89586714525576
430,Jan 17 2023,16.893716174141076
431,Jan 17 2023,16.745945627847636
432,Jan 17 2023,17.460883879276274
433,Jan 17 2023,17.732195207962334
434,Jan 17 2023,17.601982222213223
435,Jan 17 2023,17.419563388991367
436,Jan 17 2023,17.617603136851756
437,Jan 17 2023,17.59752432990959
438,Jan 17 2023,17.542395926737377
439,Jan 17 2023,17.4770560388304
440,Jan 17 2023,17.16948801120781
441,Jan 18 2023,17.117965887199777
442,Jan 18 2023,17.124144720940887
443,Jan 18 2023,17.165766761413266
444,Jan 18 2023,17.188090986183514
445,Jan 18 2023,17.2772961190453
446,Jan 18 2023,17.369890654471728
447,Jan 18 2023,17.33462274701631
448,Jan 18 2023,17.163025822235188
449,Jan 18 2023,17.195858896482925
450,Jan 18 2023,16.978460223686078
451,Jan 18 2023,17.00539065834374
452,Jan 18 2023,16.850454108559344
453,Jan 18 2023,16.87307117052475
454,Jan 18 2023,16.963185235896134
455,Jan 18 2023,17.153671659807095
456,Jan 18 2023,17.256251027852837
457,Jan 18 2023,16.408419120238854
458,Jan 18 2023,16.005414567856665
459,Jan 18 2023,16.38641016285246
460,Jan 18 2023,16.416572352706115
461,Jan 18 2023,16.35050760367609
462,Jan 18 2023,16.090622499391184
463,Jan 18 2023,16.12472391608477
464,Jan 18 2023,16.06637992528606
465,Jan 19 2023,15.834599671630698
466,Jan 19 2023,15.852578305446773
467,Jan 19 2023,15.741965457765847
468,Jan 19 2023,15.844260156571078
469,Jan 19 2023,15.871155153299755
470,Jan 19 2023,16.063730951520498
471,Jan 19 2023,15.994257151882493
472,Jan 19 2023,16.02673245617864
473,Jan 19 2023,15.924977834359371
474,Jan 19 2023,16.082016822563627
475,Jan 19 2023,16.116226267824317
476,Jan 19 2023,16.10609119635976
477,Jan 19 2023,15.947876040832378
478,Jan 19 2023,15.866893056655373
479,Jan 19 2023,15.933432463682124
480,Jan 19 2023,16.074526408961873
481,Jan 19 2023,15.963333396676717
482,Jan 19 2023,15.996293061939726
483,Jan 19 2023,15.88526455190187
484,Jan 19 2023,16.015517573880228
485,Jan 19 2023,16.153492681238
486,Jan 19 2023,16.212122530863336
487,Jan 19 2023,16.072192039027787
488,Jan 19 2023,16.13421643270358
489,Jan 20 2023,16.202449974789992
490,Jan 20 2023,16.12111191895702
491,Jan 20 2023,16.221701051525145
492,Jan 20 2023,16.214804767726786
493,Jan 20 2023,16.151916557486203
494,Jan 20 2023,16.139190449047728
495,Jan 20 2023,15.952322246447213
496,Jan 20 2023,15.969404234224958
497,Jan 20 2023,15.961510724589905
498,Jan 20 2023,15.943317655528164
499,Jan 20 2023,16.005511127773538
500,Jan 20 2023,15.99162919242936
501,Jan 20 2023,15.999380712437333
502,Jan 20 2023,16.151561319461443
503,Jan 20 2023,16.079995609910966
504,Jan 20 2023,16.16828463914228
505,Jan 20 2023,16.19441964547885
506,Jan 20 2023,16.422760357685185
507,Jan 20 2023,16.51242367525357
508,Jan 20 2023,16.54135443186076
509,Jan 20 2023,16.665978663188003
510,Jan 20 2023,17.174075299961977
511,Jan 20 2023,17.39096763828192
512,Jan 20 2023,17.3922184730176
513,Jan 21 2023,17.529588820170527
514,Jan 21 2023,17.320730031415245
515,Jan 21 2023,17.41661659998229
516,Jan 21 2023,17.358330751202857
517,Jan 21 2023,17.31385471281102
518,Jan 21 2023,17.27590138473981
519,Jan 21 2023,17.2485017027522
520,Jan 21 2023,17.3557861581275
521,Jan 21 2023,17.408782748957055
522,Jan 21 2023,17.358015426031066
523,Jan 21 2023,17.57229645777069
524,Jan 21 2023,17.100995585078156
525,Jan 21 2023,17.195556850632382
526,Jan 21 2023,17.32961627240655
527,Jan 21 2023,17.227307793742987
528,Jan 21 2023,17.225138724495096
529,Jan 21 2023,17.315662018246854
530,Jan 21 2023,17.404344334310718
531,Jan 21 2023,17.35482323338961
532,Jan 21 2023,17.416196232113474
533,Jan 21 2023,17.39914044886877
534,Jan 21 2023,17.359458328307227
535,Jan 21 2023,17.397854175603328
536,Jan 21 2023,17.282576927457995
537,Jan 22 2023,16.89118172340686
538,Jan 22 2023,17.082529960335577
539,Jan 22 2023,17.045045075627257
540,Jan 22 2023,16.90663283276797
541,Jan 22 2023,16.94052712666373
542,Jan 22 2023,17.05960220182258
543,Jan 22 2023,17.05482191681734
544,Jan 22 2023,17.150455242367578
545,Jan 22 2023,17.131440439922304
546,Jan 22 2023,17.235916371164247
547,Jan 22 2023,17.149115953016288
548,Jan 22 2023,17.23323890827216
549,Jan 22 2023,17.43931803022585
550,Jan 22 2023,17.752178948893153
551,Jan 22 2023,17.777400261311495
552,Jan 22 2023,17.866167700570696
553,Jan 22 2023,18.12480458510674
554,Jan 22 2023,17.986718477002135
555,Jan 22 2023,18.13621447122516
556,Jan 22 2023,18.090104277831806
557,Jan 22 2023,17.892273892504004
558,Jan 22 2023,17.358472093053734
559,Jan 22 2023,17.25753187765228
560,Jan 22 2023,17.21255913809684
561,Jan 23 2023,17.386182691226722
562,Jan 23 2023,17.586390619008178
563,Jan 23 2023,17.80305210245392
564,Jan 23 2023,17.81227890776946
565,Jan 23 2023,17.989761005864228
566,Jan 23 2023,17.944268528328216
567,Jan 23 2023,17.779939099716557
568,Jan 23 2023,17.818925062361206
569,Jan 23 2023,17.679379245537486
570,Jan 23 2023,17.639914568024953
571,Jan 23 2023,17.780707074294757
572,Jan 23 2023,17.911474937649388
573,Jan 23 2023,17.86679069026883
574,Jan 23 2023,17.785784680916706
575,Jan 23 2023,17.576039510203806
576,Jan 23 2023,17.72841894945858
577,Jan 23 2023,17.55146288316415
578,Jan 23 2023,17.543923070176778
579,Jan 23 2023,17.661173184601704
580,Jan 23 2023,17.801007864743983
581,Jan 23 2023,17.6346054996988
582,Jan 23 2023,17.793469292524797
583,Jan 23 2023,17.847936019193494
584,Jan 23 2023,18.110314454196995
585,Jan 24 2023,18.054756252801276
586,Jan 24 2023,18.361444262553718
587,Jan 24 2023,18.330056783404
588,Jan 24 2023,18.703830346000125
589,Jan 24 2023,18.74982544135372
590,Jan 24 2023,18.57566255105385
591,Jan 24 2023,18.588021319240827
592,Jan 24 2023,18.58385585457725
593,Jan 24 2023,18.586546014671903
594,Jan 24 2023,18.511697946589397
595,Jan 24 2023,18.360352068443436
596,Jan 24 2023,18.293765659028885
597,Jan 24 2023,18.187793277589996
598,Jan 24 2023,18.20337964859905
599,Jan 24 2023,18.033310941058193
600,Jan 24 2023,18.12119818333727
601,Jan 24 2023,18.23879011753709
602,Jan 24 2023,18.04410553794958
603,Jan 24 2023,17.94048925924761
604,Jan 24 2023,18.06231314526509
605,Jan 24 2023,18.070823879986012
606,Jan 24 2023,17.90953300289708
607,Jan 24 2023,17.758866785847065
608,Jan 24 2023,17.192055202295666
609,Jan 25 2023,17.02875505469005
610,Jan 25 2023,16.9169945052618
611,Jan 25 2023,16.783613514396095
612,Jan 25 2023,16.892917553802572
613,Jan 25 2023,16.963777819700542
614,Jan 25 2023,16.998886953770107
615,Jan 25 2023,17.052125689565873
616,Jan 25 2023,17.269744776707252
617,Jan 25 2023,17.304168329171482
618,Jan 25 2023,17.391850013624047
619,Jan 25 2023,17.38262454077178
620,Jan 25 2023,17.328613770184006
621,Jan 25 2023,17.261775639163567
622,Jan 25 2023,17.59228206419724
623,Jan 25 2023,17.463730514173747
624,Jan 25 2023,17.28608641912604
625,Jan 25 2023,17.311318019024878
626,Jan 25 2023,17.37673884661988
627,Jan 25 2023,17.358962915566032
628,Jan 25 2023,17.421862213371302
629,Jan 25 2023,17.547858967776527
630,Jan 25 2023,17.66047097879584
631,Jan 25 2023,17.94538522488928
632,Jan 25 2023,17.5762541290926
633,Jan 26 2023,17.800285620694268
634,Jan 26 2023,17.913733176647163
635,Jan 26 2023,18.01140384492166
636,Jan 26 2023,17.905314292207905
637,Jan 26 2023,18.002258738799437
638,Jan 26 2023,18.132655893884706
639,Jan 26 2023,18.132655893884706
640,Jan 26 2023,18.132655893884706
641,Jan 26 2023,18.381036449685716
642,Jan 26 2023,18.282580713375005
643,Jan 26 2023,18.107426150158343
644,Jan 26 2023,18.125498450809587
645,Jan 26 2023,18.005654101423413
646,Jan 26 2023,17.910990661914678
647,Jan 26 2023,17.95846566095743
648,Jan 26 2023,18.065236252687374
649,Jan 26 2023,18.160710062835435
650,Jan 26 2023,18.41881371375297
651,Jan 26 2023,18.13284607880734
652,Jan 26 2023,18.1356879688355
653,Jan 26 2023,18.079172947005095
654,Jan 26 2023,18.04878089859493
655,Jan 26 2023,18.00898433740002
656,Jan 26 2023,18.155368559042408
657,Jan 26 2023,18.127965341436095
658,Jan 26 2023,18.11835548410538
659,Jan 27 2023,18.11117862311865
660,Jan 27 2023,17.86044976033647
661,Jan 27 2023,17.662213499025057
662,Jan 27 2023,17.832521601239954
663,Jan 27 2023,17.822216073226546
664,Jan 27 2023,17.837437797302854
665,Jan 27 2023,18.056644820269785
666,Jan 27 2023,18.037064486050564
667,Jan 27 2023,18.15694410869713
668,Jan 27 2023,18.0941930582978
669,Jan 27 2023,18.056181333933402
670,Jan 27 2023,18.0223667296175
671,Jan 27 2023,17.987290539900215
672,Jan 27 2023,17.936238386593985
673,Jan 27 2023,17.848282501472866
674,Jan 27 2023,18.075831603715514
675,Jan 27 2023,18.043977647865404
676,Jan 27 2023,18.302290237147165
677,Jan 27 2023,18.713055848648974
678,Jan 27 2023,18.768434468771158
679,Jan 27 2023,19.06060994052139
680,Jan 27 2023,19.455675580682552
681,Jan 27 2023,19.844822795766518
682,Jan 27 2023,20.258836196405422
683,Jan 28 2023,21.306079326669032
684,Jan 28 2023,21.425960027356478
685,Jan 28 2023,20.843318784187822
686,Jan 28 2023,20.973773006883384
687,Jan 28 2023,21.012337839624262
688,Jan 28 2023,20.831187418944474
689,Jan 28 2023,20.71088788959011
690,Jan 28 2023,20.664526207330905
691,Jan 28 2023,20.52856813533554
692,Jan 28 2023,20.399204299072114
693,Jan 28 2023,20.4399841120123
694,Jan 28 2023,20.329332803706983
695,Jan 28 2023,20.4619805704649
696,Jan 28 2023,20.409879492115834
697,Jan 28 2023,20.322566723785553
698,Jan 28 2023,20.220633773622115
699,Jan 28 2023,20.595323335575145
700,Jan 28 2023,20.866330965172487
701,Jan 28 2023,20.984998960881725
702,Jan 28 2023,20.77114892779668
703,Jan 28 2023,20.805151241536045
704,Jan 28 2023,20.558026286940002
705,Jan 28 2023,20.57382425218909
706,Jan 28 2023,20.55371727058378
707,Jan 29 2023,20.576459342459632
708,Jan 29 2023,20.659657049795825
709,Jan 29 2023,20.602988036433537
710,Jan 29 2023,20.414663922004085
711,Jan 29 2023,20.343108860887913
712,Jan 29 2023,20.48506028683644
713,Jan 29 2023,20.64015632143684
714,Jan 29 2023,20.629386617240332
715,Jan 29 2023,20.405407914612606
716,Jan 29 2023,20.41941248117591
717,Jan 29 2023,20.531281122253937
718,Jan 29 2023,20.69368672439605
719,Jan 29 2023,20.67137019481618
720,Jan 29 2023,20.727708270475908
721,Jan 29 2023,20.6501405982681
722,Jan 29 2023,20.566702578392114
723,Jan 29 2023,20.59897360727884
724,Jan 29 2023,20.61339198859269
725,Jan 29 2023,20.921667396797798
726,Jan 29 2023,20.89368280777627
727,Jan 29 2023,20.99601362679955
728,Jan 29 2023,20.884747474854567
729,Jan 29 2023,20.913242522417303
730,Jan 29 2023,20.864251850383155
731,Jan 30 2023,21.059937918938083
732,Jan 30 2023,20.871209577682855
733,Jan 30 2023,20.570723625149185
734,Jan 30 2023,20.489054735567105
735,Jan 30 2023,20.645776237661245
736,Jan 30 2023,20.70609524447125
737,Jan 30 2023,20.711130281396372
738,Jan 30 2023,20.692978846240607
739,Jan 30 2023,20.692978846240607
740,Jan 30 2023,20.692978846240607
741,Jan 30 2023,20.742257745972132
742,Jan 30 2023,20.98491454812531
743,Jan 30 2023,19.968595642147807
744,Jan 30 2023,20.157622674165395
745,Jan 30 2023,20.032984962722907
746,Jan 30 2023,19.95356478435811
747,Jan 30 2023,19.954220160630754
748,Jan 30 2023,20.378170660607687
749,Jan 30 2023,20.38688758907004
750,Jan 30 2023,20.80854332892254
751,Jan 30 2023,20.749244299780838
752,Jan 30 2023,20.808145119138096
753,Jan 30 2023,20.218030766021236
754,Jan 30 2023,20.066901830365513
755,Jan 30 2023,20.041690590422007
756,Jan 30 2023,19.532271647471145
757,Jan 31 2023,19.757377679288524
758,Jan 31 2023,19.59980045793995
759,Jan 31 2023,19.686233306004944
760,Jan 31 2023,19.577928817969653
761,Jan 31 2023,19.62565065999191
762,Jan 31 2023,19.667257110709055
763,Jan 31 2023,19.567310941245857
764,Jan 31 2023,19.62075658951535
765,Jan 31 2023,19.756784904896836
766,Jan 31 2023,19.697288881496586
767,Jan 31 2023,19.636102304973868
768,Jan 31 2023,19.460848624264646
769,Jan 31 2023,19.52186509389275
770,Jan 31 2023,19.517988608614903
771,Jan 31 2023,19.760820574805305
772,Jan 31 2023,19.872343542838554
773,Jan 31 2023,19.95501846646748
774,Jan 31 2023,20.018291056819713
775,Jan 31 2023,20.025963894195346
776,Jan 31 2023,20.000493466998556
777,Jan 31 2023,20.063696838996666
778,Jan 31 2023,19.97216859009423
779,Jan 31 2023,19.73223830854683
780,Jan 31 2023,19.786615034550753
781,Feb 01 2023,19.84080271884167
782,Feb 01 2023,19.677141379002112
783,Feb 01 2023,19.64283146214468
784,Feb 01 2023,19.59072849502062
785,Feb 01 2023,19.61555533222392
786,Feb 01 2023,19.631434073476953
787,Feb 01 2023,19.5894434901944
788,Feb 01 2023,19.251442186599448
789,Feb 01 2023,19.258380556444585
790,Feb 01 2023,19.048765112312015
791,Feb 01 2023,19.07105133449112
792,Feb 01 2023,19.02803391933939
793,Feb 01 2023,19.191211313859363
794,Feb 01 2023,19.196061704089477
795,Feb 01 2023,19.15580528511409
796,Feb 01 2023,19.223197612445436
797,Feb 01 2023,18.896775792409073
798,Feb 01 2023,18.842312890792822
799,Feb 01 2023,18.87341010940118
800,Feb 01 2023,19.015178850781442
801,Feb 01 2023,19.942814084726628
802,Feb 01 2023,20.297177405586236
803,Feb 01 2023,20.443029586754598
804,Feb 01 2023,20.76206124245697
805,Feb 02 2023,20.98193645584691
806,Feb 02 2023,21.675247063834494
807,Feb 02 2023,21.53999366247371
808,Feb 02 2023,22.234458032108037
809,Feb 02 2023,22.164928263915815
810,Feb 02 2023,22.206205551968157
811,Feb 02 2023,22.081995557626207
812,Feb 02 2023,22.048356430290408
813,Feb 02 2023,21.936624655782662
814,Feb 02 2023,21.663230490648765
815,Feb 02 2023,22.003321274358164
816,Feb 02 2023,21.92045705914718
817,Feb 02 2023,21.805319233539603
818,Feb 02 2023,21.826954191611538
819,Feb 02 2023,22.0010783291043
820,Feb 02 2023,22.377102042239482
821,Feb 02 2023,22.501159068587278
822,Feb 02 2023,22.191923176870283
823,Feb 02 2023,22.12170013212388
824,Feb 02 2023,22.116216843228514
825,Feb 02 2023,22.236447209535957
826,Feb 02 2023,21.961769421728093
827,Feb 02 2023,22.0747205265878
828,Feb 02 2023,21.455284909646448
829,Feb 02 2023,21.51655702659969
830,Feb 03 2023,21.2272590021901
831,Feb 03 2023,21.27859281580218
832,Feb 03 2023,21.228944060309622
833,Feb 03 2023,21.00879449948268
834,Feb 03 2023,21.135486685823555
835,Feb 03 2023,21.225075539262047
836,Feb 03 2023,21.282384108860658
837,Feb 03 2023,21.162323051952562
838,Feb 03 2023,21.07615622627613
839,Feb 03 2023,21.099196458216657
840,Feb 03 2023,21.151183784986962
841,Feb 03 2023,21.231284431747735
842,Feb 03 2023,21.332125496792816
843,Feb 03 2023,21.368409372178657
844,Feb 03 2023,21.035591271553198
845,Feb 03 2023,21.21891690195788
846,Feb 03 2023,21.667165756736445
847,Feb 03 2023,21.565090968833687
848,Feb 03 2023,21.73488374726621
849,Feb 03 2023,21.338190814672796
850,Feb 03 2023,21.274750195835626
851,Feb 03 2023,21.225726945199654
852,Feb 03 2023,21.16114534964455
853,Feb 03 2023,21.351274549887428
854,Feb 04 2023,21.369736069430978
855,Feb 04 2023,21.32842666919167
856,Feb 04 2023,21.28278396707174
857,Feb 04 2023,21.228657085111895
858,Feb 04 2023,21.187208657684206
859,Feb 04 2023,21.151920873070726
860,Feb 04 2023,21.075219529656017
861,Feb 04 2023,21.13539488116443
862,Feb 04 2023,21.170463833106144
863,Feb 04 2023,21.148968391743864
864,Feb 04 2023,21.203628492032305
865,Feb 04 2023,21.23295077709342
866,Feb 04 2023,21.25101849306869
867,Feb 04 2023,21.33597286104691
868,Feb 04 2023,21.465138371804404
869,Feb 04 2023,21.390202889421417
870,Feb 04 2023,21.29517353405357
871,Feb 04 2023,21.223981317598795
872,Feb 04 2023,21.25881914640139
873,Feb 04 2023,21.250549694442075
874,Feb 04 2023,21.24796419910766
875,Feb 04 2023,21.326218812451348
876,Feb 04 2023,21.303303776863473
877,Feb 04 2023,21.291776451416
878,Feb 05 2023,21.04621210459449
879,Feb 05 2023,20.875435081952528
880,Feb 05 2023,20.929463822185753
881,Feb 05 2023,20.882407138665624
882,Feb 05 2023,20.911651954188525
883,Feb 05 2023,21.013285394135558
884,Feb 05 2023,21.04044069425255
885,Feb 05 2023,20.959476763252106
886,Feb 05 2023,20.964130021512663
887,Feb 05 2023,21.045757073464653
888,Feb 05 2023,20.947494117127
889,Feb 05 2023,20.99420273402342
890,Feb 05 2023,20.925335173701963
891,Feb 05 2023,20.639754181719336
892,Feb 05 2023,20.34943926186817
893,Feb 05 2023,20.391366787868957
894,Feb 05 2023,20.25730453470925
895,Feb 05 2023,20.196270345012593
896,Feb 05 2023,20.026098430500298
897,Feb 05 2023,19.984313522250183
898,Feb 05 2023,19.936623284015376
899,Feb 05 2023,19.86786021750315
900,Feb 05 2023,19.909665766573468
901,Feb 05 2023,20.188291834059914
902,Feb 06 2023,20.09525687935637
903,Feb 06 2023,20.192053373698236
904,Feb 06 2023,20.113984893135715
905,Feb 06 2023,20.02213162520831
906,Feb 06 2023,19.998449647421275
907,Feb 06 2023,19.976737450931513
908,Feb 06 2023,19.771987414825073
909,Feb 06 2023,19.891635986294258
910,Feb 06 2023,20.034327540475054
911,Feb 06 2023,19.95853138569817
912,Feb 06 2023,20.00827790539866
913,Feb 06 2023,19.9848687083864
914,Feb 06 2023,19.96606715244873
915,Feb 06 2023,20.06159325488181
916,Feb 06 2023,20.012748011544844
917,Feb 06 2023,20.01835090183952
918,Feb 06 2023,20.250227879454272
919,Feb 06 2023,20.22598815793621
920,Feb 06 2023,20.281743030562332
921,Feb 06 2023,20.241008667657017
922,Feb 06 2023,20.33629297817509
923,Feb 06 2023,20.18038739110215
924,Feb 06 2023,20.026451597416393
925,Feb 06 2023,19.993053734532086
926,Feb 07 2023,19.602228921264704
927,Feb 07 2023,19.750793999619745
928,Feb 07 2023,19.852909513193186
929,Feb 07 2023,19.925711174990962
930,Feb 07 2023,20.019460483541888
931,Feb 07 2023,20.026772800644917
932,Feb 07 2023,20.08423441551101
933,Feb 07 2023,20.02778299290713
934,Feb 07 2023,19.983346856506063
935,Feb 07 2023,19.94770215454673
936,Feb 07 2023,20.23782194401957
937,Feb 07 2023,20.197078820665677
938,Feb 07 2023,20.1951792519979
939,Feb 07 2023,20.20259335918153
940,Feb 07 2023,20.1337031803156
941,Feb 07 2023,20.139164480350022
942,Feb 07 2023,20.03322242655711
943,Feb 07 2023,20.056548324185794
944,Feb 07 2023,20.68723903799011
945,Feb 07 2023,19.99634100784585
946,Feb 07 2023,20.24465596171865
947,Feb 07 2023,20.479672735413523
948,Feb 07 2023,20.60203575672789
949,Feb 07 2023,20.666763466833025
950,Feb 08 2023,20.84187287278083
951,Feb 08 2023,20.968660581742096
952,Feb 08 2023,20.869246084790262
953,Feb 08 2023,20.77308058904153
954,Feb 08 2023,20.773403047189113
955,Feb 08 2023,20.756321380168572
956,Feb 08 2023,20.668829618285976
957,Feb 08 2023,20.555267034362988
958,Feb 08 2023,20.613084348205287
959,Feb 08 2023,20.503100190278815
960,Feb 08 2023,20.492684298827474
961,Feb 08 2023,20.458912223731257
962,Feb 08 2023,20.600783445965597
963,Feb 08 2023,20.641424276573442
964,Feb 08 2023,20.58791827006934
965,Feb 08 2023,20.398269209283104
966,Feb 08 2023,20.11341352651102
967,Feb 08 2023,19.966170947011822
968,Feb 08 2023,20.126718706380686
969,Feb 08 2023,20.00960545586588
970,Feb 08 2023,19.947810521217
971,Feb 08 2023,19.86818139668262
972,Feb 08 2023,20.064559274987396
973,Feb 08 2023,20.052993292430973
974,Feb 09 2023,20.100084178139642
975,Feb 09 2023,20.085643118393456
976,Feb 09 2023,20.152074031173086
977,Feb 09 2023,19.88955773483324
978,Feb 09 2023,19.27116576564689
979,Feb 09 2023,19.40767563772501
980,Feb 09 2023,19.5251434377074
981,Feb 09 2023,19.77183112279116
982,Feb 09 2023,19.683855946744462
983,Feb 09 2023,19.814584185963632
984,Feb 09 2023,19.832112450601525
985,Feb 09 2023,19.773426694070444
986,Feb 09 2023,19.764684176229704
987,Feb 09 2023,19.760853658669774
988,Feb 09 2023,19.803267588681976
989,Feb 09 2023,19.864660076301217
990,Feb 09 2023,19.627788221228506
991,Feb 09 2023,19.350823262208454
992,Feb 09 2023,19.28368941238502
993,Feb 09 2023,19.31865629914767
994,Feb 09 2023,18.498150323386298
995,Feb 09 2023,18.542677865659364
996,Feb 09 2023,18.217750359819526
997,Feb 09 2023,17.837037673500483
998,Feb 10 2023,17.879470871602763
999,Feb 10 2023,17.775222063270796
1000,Feb 10 2023,17.87905234458821
1001,Feb 10 2023,17.97280074202905
1002,Feb 10 2023,17.827954085250326
1003,Feb 10 2023,17.726208443904234
1004,Feb 10 2023,17.7229518908116
1005,Feb 10 2023,18.216437408141587
1006,Feb 10 2023,18.1772163408765
1007,Feb 10 2023,18.17479719548134
1008,Feb 10 2023,18.104136364186292
1009,Feb 10 2023,18.1647225550229
1010,Feb 10 2023,17.956638930442328
1011,Feb 10 2023,17.910705778021217
1012,Feb 10 2023,18.03748330759634
1013,Feb 10 2023,18.07426536394035
1014,Feb 10 2023,17.83490495520114
1015,Feb 10 2023,17.89543233647843
1016,Feb 10 2023,17.980727713941274
1017,Feb 10 2023,17.98403451787055
1018,Feb 10 2023,18.145148862907007
1019,Feb 10 2023,18.06274888153977
1020,Feb 10 2023,17.821900169669856
1021,Feb 10 2023,17.720565714035057
1022,Feb 11 2023,17.800920914081985
1023,Feb 11 2023,17.798016335940165
1024,Feb 11 2023,17.746542111366676
1025,Feb 11 2023,17.738878654596224
1026,Feb 11 2023,17.853951707778013
1027,Feb 11 2023,17.87651498187368
1028,Feb 11 2023,17.78572173648194
1029,Feb 11 2023,17.78456150156519
1030,Feb 11 2023,17.815440699905967
1031,Feb 11 2023,17.812724037636883
1032,Feb 11 2023,17.814324069762037
1033,Feb 11 2023,17.740641570581325
1034,Feb 11 2023,17.817313075392736
1035,Feb 11 2023,17.805749980001252
1036,Feb 11 2023,17.928849902719136
1037,Feb 11 2023,18.029519616909063
1038,Feb 11 2023,17.979648952057445
1039,Feb 11 2023,17.875087848447674
1040,Feb 11 2023,17.852615366998727
1041,Feb 11 2023,17.889441967662528
1042,Feb 11 2023,17.80637569129157
1043,Feb 11 2023,17.82445963527051
1044,Feb 11 2023,17.982096617594667
1045,Feb 11 2023,18.006348685301685
1046,Feb 12 2023,18.036964888639613
1047,Feb 12 2023,17.987089295360914
1048,Feb 12 2023,17.91696915434212
1049,Feb 12 2023,17.963844628818983
1050,Feb 12 2023,17.89384574774806
1051,Feb 12 2023,17.848181946261676
1052,Feb 12 2023,17.902166374160796
1053,Feb 12 2023,17.980511548946076
1054,Feb 12 2023,17.96533421685625
1055,Feb 12 2023,17.988849964768757
1056,Feb 12 2023,18.09165381287264
1057,Feb 12 2023,18.231786925261883
1058,Feb 12 2023,18.186091590388543
1059,Feb 12 2023,18.092714323875356
1060,Feb 12 2023,18.096765633350383
1061,Feb 12 2023,18.183030665398217
1062,Feb 12 2023,18.213318937507758
1063,Feb 12 2023,18.401164606508495
1064,Feb 12 2023,18.421062835475205
1065,Feb 12 2023,18.45814173571687
1066,Feb 12 2023,18.429892174999058
1067,Feb 12 2023,18.43888723404298
1068,Feb 12 2023,17.903251777041582
1069,Feb 12 2023,17.85678422672624
1070,Feb 13 2023,17.75851108979262
1071,Feb 13 2023,17.697184547272155
1072,Feb 13 2023,17.38683210489202
1073,Feb 13 2023,17.423758242193756
1074,Feb 13 2023,17.514024796337583
1075,Feb 13 2023,17.574584984482527
1076,Feb 13 2023,17.568019343362728
1077,Feb 13 2023,17.64205967696654
1078,Feb 13 2023,17.77586127664759
1079,Feb 13 2023,17.408017530609996
1080,Feb 13 2023,17.15676741525244
1081,Feb 13 2023,17.25690833194633
1082,Feb 13 2023,17.284227301518854
1083,Feb 13 2023,17.486858162999603
1084,Feb 13 2023,17.4261638844247
1085,Feb 13 2023,17.545826125285952
1086,Feb 13 2023,17.38829751894132
